run_id,model,site,seed,steps,expansion,dictionary_size,target_l0,best_step,fvu,cosine,l0_mean,inactive_fraction,feature_checks_pass,selected,downstream_scope,downstream_checks_pass,cases,patients,probability_mae,original_auroc,recovered_auroc,original_ap,recovered_ap
activity80_vista_stage2_d4_k80_s2025,vista,stage2,2025,12000,4,768,80,12000,0.042948760541864896,0.9557975819075075,79.73371887207031,0.0,True,True,full,True,1285.0,422.0,0.002925612763882205,0.8933522607146093,0.8922271889818478,0.5210018211582825,0.5227330326170544
activity80_vista_stage2_d4_k80_s2026,vista,stage2,2026,12000,4,768,80,12000,0.042892290129200226,0.9558575330379362,79.71647644042969,0.0013020833721384406,True,True,full,True,1285.0,422.0,0.00285603726565374,0.8933522607146093,0.8931483886556526,0.5210018211582825,0.5223531494017754
activity80_vista_stage2_d4_k80_s2027,vista,stage2,2027,12000,4,768,80,12000,0.042893495370680164,0.9558259597229132,79.74569702148438,0.0,True,True,full,True,1285.0,422.0,0.00297583064176722,0.8933522607146093,0.892287595517835,0.5210018211582825,0.5282044699398691
activity96_vista_stage2_d4_k96_s2025,vista,stage2,2025,12000,4,768,96,12000,0.025568324506763315,0.9726112188795644,95.73184967041016,0.1588541716337204,False,False,not_evaluated,,,,,,,,
candidate_fmcib_layer1_d4_k16_s2025,fmcib,layer1,2025,12000,4,2048,16,12000,0.19329630157488276,0.9387528340346556,15.62784194946289,0.00244140625,False,False,patients64,False,204.0,64.0,0.013506745657538578,0.8587570621468926,0.864406779661017,0.5608488105566872,0.5333429988954312
candidate_fmcib_layer1_d4_k32_s2025,fmcib,layer1,2025,12000,4,2048,32,12000,0.15656978533783433,0.9502328513493603,31.188852310180664,0.0,False,False,patients64,True,204.0,64.0,0.01185973065417532,0.8587570621468926,0.8675455116133082,0.5608488105566872,0.5610912463055473
candidate_fmcib_layer1_d4_k64_s2025,fmcib,layer1,2025,12000,4,2048,64,12000,0.11884300945678211,0.961793735756327,62.35965347290039,0.0,True,True,full,True,1285.0,422.0,0.008880565589845756,0.8786734724697212,0.8816333927330937,0.46673644486117477,0.46837429737070263
candidate_fmcib_layer1_d4_k64_s2026,fmcib,layer1,2026,12000,4,2048,64,12000,0.11929032308539107,0.9613830115595365,62.368690490722656,0.0,True,True,full,True,1285.0,422.0,0.008957126076952308,0.8786734724697212,0.8799948654444412,0.46673644486117477,0.4725957086831754
candidate_fmcib_layer1_d4_k64_s2027,fmcib,layer1,2027,12000,4,2048,64,12000,0.11854133960409653,0.961676731657665,62.32463836669922,0.0,True,True,full,True,1285.0,422.0,0.008469224897916294,0.8786734724697212,0.8797985442024827,0.46673644486117477,0.4720651696938605
candidate_vista_stage2_d4_k16_s2025,vista,stage2,2025,12000,4,768,16,12000,0.2785107897618694,0.7894184062021821,15.933677673339844,0.0,False,False,patients64,False,204.0,64.0,0.011542083551723729,0.9096045197740112,0.9035363046662481,0.6615553857707095,0.6328989200650931
candidate_vista_stage2_d4_k32_s2025,vista,stage2,2025,12000,4,768,32,12000,0.17299527048492663,0.8549872754164862,31.842363357543945,0.0,False,False,patients64,False,204.0,64.0,0.00894123339322487,0.9096045197740112,0.9037455534630676,0.6615553857707095,0.6411612599617589
candidate_vista_stage2_d4_k64_s2025,vista,stage2,2025,12000,4,768,64,12000,0.06921590750712991,0.9319258459123134,63.7736701965332,0.0,False,False,not_evaluated,,,,,,,,
candidate_vista_stage2_d8_k16_s2025,vista,stage2,2025,12000,8,1536,16,12000,0.27145120091979796,0.7961622362870059,15.981514930725098,0.0,False,False,not_evaluated,,,,,,,,
candidate_vista_stage2_d8_k32_s2025,vista,stage2,2025,12000,8,1536,32,12000,0.17415740518692052,0.8600586305553938,31.845251083374023,0.0,False,False,not_evaluated,,,,,,,,
candidate_vista_stage2_d8_k64_s2025,vista,stage2,2025,12000,8,1536,64,12000,0.06900577870030696,0.9323532247791173,63.820770263671875,0.0,False,False,not_evaluated,,,,,,,,
candidate_vista_stage3_d4_k16_s2025,vista,stage3,2025,12000,4,1536,16,12000,0.3974987741523461,0.7722454833165275,16.196619033813477,0.0,False,False,not_evaluated,,,,,,,,
candidate_vista_stage3_d4_k32_s2025,vista,stage3,2025,12000,4,1536,32,12000,0.31966624413929157,0.8186880002215934,32.00389862060547,0.0,False,False,not_evaluated,,,,,,,,
pilot_fmcib_layer1_d4_k32_s2025,fmcib,layer1,2025,2500,4,2048,32,2500,0.1934762462786114,0.9384838384090619,31.024465560913086,0.0,False,False,patients64,True,204.0,64.0,0.01491826205802935,0.8587570621468926,0.8658715212387529,0.5608488105566872,0.5625843910219182
pilot_fmcib_layer2_d4_k32_s2025,fmcib,layer2,2025,2500,4,4096,32,2500,0.2755282551002549,0.9141763368350018,31.352840423583984,0.0,False,False,patients64,True,204.0,64.0,0.007688995586749965,0.8587570621468926,0.8667085164260305,0.5608488105566872,0.5598538385004234
pilot_vista_stage2_d4_k32_s2025,vista,stage2,2025,2500,4,768,32,2500,0.22312123026413674,0.8275984690146151,31.76836585998535,0.0,False,False,patients64,True,204.0,64.0,0.009540339226505774,0.9096045197740112,0.9035363046662481,0.6615553857707095,0.6657984986207119
pilot_vista_stage3_d4_k32_s2025,vista,stage3,2025,2500,4,1536,32,2500,0.3471605816450315,0.8009888043131137,31.887535095214844,0.0,False,False,patients64,False,204.0,64.0,0.019949189866619074,0.9096045197740112,0.9016530654948735,0.6615553857707095,0.6311688347201194
