"model","kind","candidate","arm","auroc","average_precision","brier","log_loss","seed_count","auroc_sd","seed2025_auroc"
"fmcib","reference","previous","spatial_linear","0.8786734724697212","0.46673644486117477","0.06111103246656359","0.20997141122896543","1","0.0","0.8786734724697212"
"fmcib","descriptor","reference_meanmax","reference_meanmax","0.875320909722432","0.4473797679131607","0.06166581561892883","0.21149637876371913","1","0.0","0.875320909722432"
"fmcib","descriptor","local_meanmax","local_meanmax","0.8636171433749131","0.40274886417835304","0.06450617335833546","0.2199302403743806","1","0.0","0.8636171433749131"
"fmcib","descriptor","local_multistage","local_multistage","0.8675435682140807","0.41028406238158893","0.06365794184901104","0.21747926101335477","1","0.0","0.8675435682140807"
"fmcib","descriptor","two_view","two_view","0.8753284605394303","0.4395955595096393","0.06212990290736152","0.2124949552552429","1","0.0","0.8753284605394303"
"fmcib","local_max","local_max","max","0.8677524741510364","0.41676098517355536","0.0632778483860428","0.21657123691720723","3","0.003127645868318931","0.870820622791386"
"ctfm","reference","previous","max","0.8308566653578584","0.4248986748690278","0.09738754895596864","0.318118444567501","3","0.005736068638714974","0.8372194871485095"
"ctfm","descriptor","reference_meanmax","reference_meanmax","0.7927300733939413","0.3537448713685806","0.0705654161354997","0.24987670080356358","1","0.0","0.7927300733939413"
"ctfm","descriptor","local_meanmax","local_meanmax","0.8227143676945845","0.4017302259502001","0.06833746565610853","0.24344086847093083","1","0.0","0.8227143676945845"
"ctfm","descriptor","local_multistage","local_multistage","0.8299253979280559","0.4334083202823176","0.06676289830167643","0.23880293918232626","1","0.0","0.8299253979280559"
"ctfm","descriptor","two_view","two_view","0.8317149415566765","0.42484544878598496","0.06603916548251175","0.2352964436468939","1","0.0","0.8317149415566765"
"ctfm","local_max","local_max","max","0.8506423228326638","0.47836730013021134","0.061239597055867435","0.22365521664219268","3","0.0025169981468380165","0.8489081518620314"
"vista","reference","previous","max","0.8939739446474775","0.5379624079877412","0.059579059687204054","0.20500481746118404","3","0.0009366158723349836","0.8933522607146093"
"vista","descriptor","reference_meanmax","reference_meanmax","0.8423389410734241","0.46587406356816835","0.06419515350261062","0.22692998608993245","1","0.0","0.8423389410734241"
"vista","descriptor","local_meanmax","local_meanmax","0.8554547101996436","0.416117068975794","0.06379692465545861","0.2229860362967936","1","0.0","0.8554547101996436"
"vista","descriptor","local_multistage","local_multistage","0.854744933401794","0.4199715773253827","0.06360950097791826","0.2227352288627947","1","0.0","0.854744933401794"
"vista","descriptor","two_view","two_view","0.8669772569392008","0.46315040533388596","0.060927599190585165","0.21314550197890447","1","0.0","0.8669772569392008"
"vista","local_max","local_max","max","0.8934000825555991","0.496027213974479","0.06066230905070393","0.2064646344985889","3","0.005834902487229933","0.8993778126793319"
"genesis","reference","previous","max","0.8697886778016047","0.43291992972790977","0.06289410868548295","0.21679737086569506","3","0.003700865885943927","0.8740523724667009"
"genesis","descriptor","reference_meanmax","reference_meanmax","0.8524796883022744","0.3577207006980948","0.07462901789211143","0.26659301952699593","1","0.0","0.8524796883022744"
"genesis","descriptor","local_meanmax","local_meanmax","0.8702165574315142","0.3951254052852855","0.06657714688341011","0.2289252281494702","1","0.0","0.8702165574315142"
"genesis","descriptor","local_multistage","local_multistage","0.8677700927240327","0.39217432405848923","0.06538849151542374","0.22381804756250318","1","0.0","0.8677700927240327"
"genesis","descriptor","two_view","two_view","0.8709942915823491","0.4082190923837245","0.06410445772511311","0.2189026131950563","1","0.0","0.8709942915823491"
"genesis","local_max","local_max","max","0.8828591420258339","0.44944946896757987","0.06369326548050917","0.2212687790841257","3","0.006170160324758277","0.8759174242653055"
"coralbay","reference","previous","native_linear","0.81169772569392","0.33075570033895874","0.07139065653366782","0.25353464041200674","1","0.0","0.81169772569392"
"coralbay","descriptor","reference_meanmax","reference_meanmax","0.7883657011688665","0.31668322836830637","0.07063982660685135","0.2499296128033403","1","0.0","0.7883657011688665"
"coralbay","descriptor","local_meanmax","local_meanmax","0.8267163007037361","0.44479221483011705","0.06363761071153277","0.22865592347528724","1","0.0","0.8267163007037361"
"coralbay","descriptor","local_multistage","local_multistage","0.8606043673925518","0.467532688604211","0.06163312067980497","0.21599689025119584","1","0.0","0.8606043673925518"
"coralbay","descriptor","two_view","two_view","0.8629753239300492","0.4583613193302236","0.06282356772632863","0.2190574971014182","1","0.0","0.8629753239300492"
"coralbay","descriptor","local_native","local_native","0.8504409677127066","0.4348538528895451","0.0636554087729964","0.22310722842195174","1","0.0","0.8504409677127066"
"coralbay","local_max","local_max","max","0.825221238938053","0.4203267143773224","0.06570601590334822","0.23863609578895476","3","0.0005205684603323653","0.8257724485789363"
"tapct","reference","previous","spatial_linear","0.8422558820864418","0.3706911383536503","0.06684184945188304","0.23043310560478403","1","0.0","0.8422558820864418"
"tapct","descriptor","reference_meanmax","reference_meanmax","0.8121432238968257","0.35144461278532774","0.06862218100651651","0.24184986493378974","1","0.0","0.8121432238968257"
"tapct","descriptor","local_meanmax","local_meanmax","0.8582183092210577","0.45575188580506865","0.06302576751894733","0.2214092276545528","1","0.0","0.8582183092210577"
"tapct","descriptor","local_multistage","local_multistage","0.8768461747561086","0.5046418913950306","0.05935917733962765","0.20763781028449974","1","0.0","0.8768461747561086"
"tapct","descriptor","two_view","two_view","0.8715681536742275","0.4917002989969254","0.05945447938269178","0.208179355625952","1","0.0","0.8715681536742275"
"tapct","local_max","local_max","max","0.8579112426631229","0.4985095700155459","0.05829638630088176","0.21986604639511229","3","0.006755683237210159","0.861306593373403"
