run_id,model,site,expansion,k,seed,phase,enabled,algorithm,checkpoint_policy,state,classifier_state,best_step,features,representation_pass,fvu,cosine,l0_mean,inactive_fraction,patients,tokens,classifier_pass,cases,probability_mae,probability_rmse,original_auroc,recovered_auroc,original_ap,recovered_ap,weighting
20261009_fmcib_layer1_e4_k64_s2025,fmcib,layer1,4,64,2025,initial,True,batch_topk,fvu,completed,completed,12000.0,2048.0,True,0.11864868128826395,0.9616437249759573,62.428808130924175,0.0,422.0,108032.0,True,1285.0,0.011380442861805857,0.019025768719853474,0.8820327399374956,0.8824714497236665,0.6009009772138695,0.5977469730706224,"equal patient weight, equal case weight within patient"
20261009_fmcib_layer1_e4_k128_s2025,fmcib,layer1,4,128,2025,initial,True,batch_topk,fvu,completed,completed,12000.0,2048.0,True,0.07416033647378568,0.9738764596873483,124.7584141735782,0.0,422.0,108032.0,True,1285.0,0.009425922923835478,0.015757044851864122,0.8820327399374956,0.8829802658376105,0.6009009772138695,0.6044621128997937,"equal patient weight, equal case weight within patient"
20261009_fmcib_layer2_e4_k64_s2025,fmcib,layer2,4,64,2025,initial,True,batch_topk,fvu,completed,not_required_representation_failed,12000.0,4096.0,False,0.20104336005996112,0.9372708306833218,62.43535248815167,0.0,422.0,108032.0,,,,,,,,,
20261009_fmcib_layer2_e4_k128_s2025,fmcib,layer2,4,128,2025,initial,True,batch_topk,fvu,completed,not_required_representation_failed,12000.0,4096.0,False,0.15749268353128823,0.9498675202225861,125.11797430391,0.0,422.0,108032.0,,,,,,,,,
20261009_fmcib_layer3_e4_k64_s2025,fmcib,layer3,4,64,2025,initial,True,batch_topk,fvu,completed,not_required_representation_failed,12000.0,8192.0,False,0.17650238728713766,0.9497450068504748,70.90692264020538,0.0018310546875,422.0,64192.0,,,,,,,,,
20261009_fmcib_layer3_e4_k128_s2025,fmcib,layer3,4,128,2025,initial,True,batch_topk,fvu,completed,not_required_representation_failed,12000.0,8192.0,False,0.1573234467923203,0.9547293528594079,133.99116619766986,0.0010986328125,422.0,64192.0,,,,,,,,,
20261009_fmcib_layer4_e4_k64_s2025,fmcib,layer4,4,64,2025,initial,True,batch_topk,fvu,completed,not_required_representation_failed,2000.0,16384.0,False,0.15548030247844058,0.9550399048949115,113.29485859475145,0.00543212890625,422.0,10280.0,,,,,,,,,
20261009_fmcib_layer4_e4_k128_s2025,fmcib,layer4,4,128,2025,initial,True,batch_topk,fvu,completed,not_required_representation_failed,2000.0,16384.0,False,0.15064868598576642,0.9565579766910138,228.51085219820757,0.001220703125,422.0,10280.0,,,,,,,,,
20261009_fmcib_global_e4_k64_s2025,fmcib,global,4,64,2025,initial,True,batch_topk,fvu,completed,not_required_representation_failed,1000.0,16384.0,False,0.09647900380027159,0.9890597330754484,101.03767027469635,0.60272216796875,422.0,1285.0,,,,,,,,,
20261009_fmcib_global_e4_k128_s2025,fmcib,global,4,128,2025,initial,True,batch_topk,fvu,completed,not_required_representation_failed,1000.0,16384.0,False,0.089989955100503,0.9898743877372077,237.25069531690315,0.05548095703125,422.0,1285.0,,,,,,,,,
20261009_vista_stage2_e4_k64_s2025,vista,stage2,4,64,2025,initial,True,batch_topk,fvu,completed,not_required_representation_failed,12000.0,768.0,False,0.069145201605866,0.9321465381830534,63.84428687796209,0.0,422.0,108032.0,,,,,,,,,
20261009_vista_stage2_e4_k128_s2025,vista,stage2,4,128,2025,initial,True,batch_topk,fvu,completed,not_required_representation_failed,12000.0,768.0,False,0.007164395980511174,0.991857849959708,128.14404065462085,0.4856770932674408,422.0,108032.0,,,,,,,,,
20261009_vista_stage3_e4_k64_s2025,vista,stage3,4,64,2025,initial,True,batch_topk,fvu,completed,not_required_representation_failed,12000.0,1536.0,False,0.21037818169783887,0.8778991690126422,63.86087764119272,0.0,422.0,102152.0,,,,,,,,,
20261009_vista_stage3_e4_k128_s2025,vista,stage3,4,128,2025,initial,True,batch_topk,fvu,completed,not_required_representation_failed,12000.0,1536.0,False,0.08678909470373519,0.9455018495512764,128.36115499385645,0.0,422.0,102152.0,,,,,,,,,
20261009_vista_stage4_e4_k64_s2025,vista,stage4,4,64,2025,initial,True,batch_topk,fvu,completed,not_required_representation_failed,3000.0,3072.0,False,0.2615858923893282,0.8803990373039556,68.00270502950244,0.0,422.0,33620.0,,,,,,,,,
20261009_vista_stage4_e4_k128_s2025,vista,stage4,4,128,2025,initial,True,batch_topk,fvu,completed,not_required_representation_failed,3000.0,3072.0,False,0.20809588359944187,0.9052043814921866,132.13282885590021,0.0,422.0,33620.0,,,,,,,,,
20261009_vista_global_e4_k64_s2025,vista,global,4,64,2025,initial,True,batch_topk,fvu,completed,not_required_representation_failed,2000.0,3072.0,False,0.2480344259733264,0.966381827190915,208.80636087110858,0.0,422.0,1285.0,,,,,,,,,
20261009_vista_global_e4_k128_s2025,vista,global,4,128,2025,initial,True,batch_topk,fvu,completed,not_required_representation_failed,2000.0,3072.0,False,0.19352229345515762,0.9731794854026012,313.87842830434136,0.0,422.0,1285.0,,,,,,,,,
20261009_fmcib_layer1_e8_k128_s2025,fmcib,layer1,8,128,2025,comparison,True,batch_topk,fvu,completed,completed,12000.0,4096.0,True,0.0725605661669536,0.9761325849553404,125.0704513477488,0.000732421875,422.0,108032.0,True,1285.0,0.007355134546265819,0.012324998948774389,0.8820327399374956,0.8833250650618811,0.6009009772138695,0.6005267170390898,"equal patient weight, equal case weight within patient"
20261009_fmcib_layer1_e4_k32_s2025,fmcib,layer1,4,32,2025,comparison,True,batch_topk,fvu,completed,not_required_representation_failed,12000.0,2048.0,False,0.15582552600846802,0.9502974735226447,31.290117742891002,0.0,422.0,108032.0,,,,,,,,,
20261009_vista_stage2_e4_k80_s2025,vista,stage2,4,80,2025,adjustment,True,batch_topk,fvu,completed,completed,12000.0,768.0,True,0.042935324485071404,0.9559262038745934,79.85035915284362,0.0013020833721384406,422.0,108032.0,True,1285.0,0.003795098826460536,0.006788410033854279,0.8847130904352469,0.8837693802079476,0.6251280359086167,0.6315314547144203,"equal patient weight, equal case weight within patient"
20261009_vista_stage2_e4_k96_s2025,vista,stage2,4,96,2025,adjustment,True,batch_topk,fvu,completed,not_required_representation_failed,12000.0,768.0,False,0.02544335316114432,0.9728108438562769,95.90291765402844,0.2239583432674408,422.0,108032.0,,,,,,,,,
20261009_vista_stage2_e8_k80_s2025,vista,stage2,8,80,2025,adjustment,True,batch_topk,fvu,completed,completed,12000.0,1536.0,True,0.04302745050332709,0.9559006409391859,79.88553391587678,0.00911458395421505,422.0,108032.0,True,1285.0,0.0035209792646838122,0.006090407943151423,0.8847130904352469,0.8842082236974543,0.6251280359086167,0.6261050525511311,"equal patient weight, equal case weight within patient"
20261009_vista_stage2_e8_k128_s2025,vista,stage2,8,128,2025,comparison,False,batch_topk,fvu,superseded,pending,,,,,,,,,,,,,,,,,,
20261009_vista_stage2_e4_k256_s2025,vista,stage2,4,256,2025,comparison,False,batch_topk,fvu,superseded,pending,,,,,,,,,,,,,,,,,,
20261009_vista_stage3_e8_k128_s2025,vista,stage3,8,128,2025,comparison,True,batch_topk,fvu,completed,not_required_representation_failed,12000.0,3072.0,False,0.09069872144192581,0.9445519146582583,128.40877942886607,0.0,422.0,102152.0,,,,,,,,,
20261009_vista_stage3_e4_k256_s2025,vista,stage3,4,256,2025,comparison,True,batch_topk,fvu,completed,not_required_representation_failed,12000.0,1536.0,False,0.009618819875071238,0.993709115204304,257.7110544063762,0.1302083432674408,422.0,102152.0,,,,,,,,,
20261009_vista_stage2_e4_k128_s2025_qsel,vista,stage2,4,128,2025,adjustment,True,batch_topk,qualified_fvu,completed,completed,4000.0,768.0,True,0.008847581793580276,0.9899856843847687,127.92140291765405,0.014322916977107525,422.0,108032.0,True,1285.0,0.0013709097671827835,0.002438335488913452,0.8847130904352469,0.8852124260330786,0.6251280359086167,0.6268668134511001,"equal patient weight, equal case weight within patient"
20261009_vista_stage2_e4_k96_s2025_qsel,vista,stage2,4,96,2025,adjustment,True,batch_topk,qualified_fvu,completed,completed,3000.0,768.0,True,0.03192440318950846,0.9657783792403823,95.68544505331755,0.0026041667442768812,422.0,108032.0,True,1285.0,0.0032029607073441775,0.0056436003111439296,0.8847130904352469,0.8859068462670887,0.6251280359086167,0.6296020754082818,"equal patient weight, equal case weight within patient"
20261009_vista_stage4_e8_k128_s2025,vista,stage4,8,128,2025,comparison,True,batch_topk,fvu,completed,not_required_representation_failed,2000.0,6144.0,False,0.20598774755652302,0.9084490771643199,139.8423294376078,0.0,422.0,33620.0,,,,,,,,,
20261009_vista_stage4_e4_k256_s2025,vista,stage4,4,256,2025,comparison,True,batch_topk,fvu,completed,not_required_representation_failed,12000.0,3072.0,False,0.12740868659850693,0.9421430511729555,258.9602929678249,0.0,422.0,33620.0,,,,,,,,,
20261009_vista_stage3_e4_k256_s2025_qsel,vista,stage3,4,256,2025,adjustment,True,batch_topk,qualified_fvu,completed,completed,8000.0,1536.0,True,0.010132638798844679,0.9933977349299109,257.4132167286511,0.01171875,422.0,102152.0,True,1285.0,0.001722310353954118,0.0029440127484011863,0.8847130904352469,0.8839709626229294,0.6251280359086167,0.6272186899256303,"equal patient weight, equal case weight within patient"
20261009_vista_global_e8_k128_s2025,vista,global,8,128,2025,comparison,True,batch_topk,fvu,completed,not_required_representation_failed,2000.0,6144.0,False,0.16967836273883663,0.9764354717953535,467.6635914205053,0.0,422.0,1285.0,,,,,,,,,
20261009_vista_global_e4_k256_s2025,vista,global,4,256,2025,comparison,True,batch_topk,fvu,completed,not_required_representation_failed,1000.0,3072.0,False,0.13629351810059773,0.9811815043475305,434.0233396056752,0.0,422.0,1285.0,,,,,,,,,
20261009_vista_global_e4_k64_s2025_topk,vista,global,4,64,2025,adjustment,True,topk,qualified_fvu,completed,not_required_representation_failed,1000.0,3072.0,False,0.2813251718870347,0.9590966930716707,64.0,0.0,422.0,1285.0,,,,,,,,,
20261009_vista_global_e4_k128_s2025_topk,vista,global,4,128,2025,adjustment,True,topk,qualified_fvu,completed,not_required_representation_failed,1000.0,3072.0,False,0.22093389110113457,0.9680381667163297,128.0,0.0,422.0,1285.0,,,,,,,,,
20261009_vista_global_e1_k128_s2025_topk,vista,global,1,128,2025,adjustment,True,topk,qualified_fvu,completed,not_required_representation_failed,1000.0,768.0,False,0.21720865199560124,0.9686822003344241,128.0,0.0,422.0,1285.0,,,,,,,,,
20261009_vista_global_e4_k256_s2025_topk,vista,global,4,256,2025,adjustment,True,topk,qualified_fvu,completed,not_required_representation_failed,1000.0,3072.0,False,0.1602552439219812,0.9769330181361987,256.0,0.0,422.0,1285.0,,,,,,,,,
20261009_fmcib_layer2_e8_k128_s2025,fmcib,layer2,8,128,2025,comparison,True,batch_topk,fvu,completed,not_required_representation_failed,12000.0,8192.0,False,0.15163626168996847,0.9528183271789532,124.98000592417063,0.0001220703125,422.0,108032.0,,,,,,,,,
20261009_fmcib_layer2_e4_k256_s2025,fmcib,layer2,4,256,2025,comparison,True,batch_topk,fvu,completed,completed,12000.0,4096.0,True,0.09991626470627787,0.9644286647075966,249.70770697571095,0.0,422.0,108032.0,True,1285.0,0.00422424495632987,0.007511806249175326,0.8820327399374956,0.8827860125540955,0.6009009772138695,0.5968878344515781,"equal patient weight, equal case weight within patient"
20261009_fmcib_global_e8_k64_s2025,fmcib,global,8,64,2025,comparison,False,batch_topk,fvu,superseded,pending,,,,,,,,,,,,,,,,,,
20261009_fmcib_global_e4_k256_s2025,fmcib,global,4,256,2025,comparison,False,batch_topk,fvu,superseded,pending,,,,,,,,,,,,,,,,,,
20261009_fmcib_layer1_e4_k128_s2026,fmcib,layer1,4,128,2026,replication,True,batch_topk,fvu,completed,completed,12000.0,2048.0,True,0.07457660369774816,0.9738213553830489,124.75196238151658,0.0,422.0,108032.0,True,1285.0,0.008589364730164945,0.014461063026502076,0.8820327399374956,0.8836660639195549,0.6009009772138695,0.6055617185762299,"equal patient weight, equal case weight within patient"
20261009_fmcib_layer1_e4_k128_s2027,fmcib,layer1,4,128,2027,replication,True,batch_topk,fvu,completed,completed,12000.0,2048.0,True,0.07384352926697085,0.9739708803137281,124.76417172689575,0.0,422.0,108032.0,True,1285.0,0.0078077482439846205,0.012860362794435613,0.8820327399374956,0.882436773562985,0.6009009772138695,0.6021478060835841,"equal patient weight, equal case weight within patient"
20261009_fmcib_global_e1_k64_s2025_topk,fmcib,global,1,64,2025,adjustment,True,topk,qualified_fvu,completed,not_required_representation_failed,1000.0,4096.0,False,0.10743126304782216,0.9881113544555715,64.0,0.325927734375,422.0,1285.0,,,,,,,,,
20261009_fmcib_global_e1_k128_s2025_topk,fmcib,global,1,128,2025,adjustment,True,topk,qualified_fvu,completed,not_required_representation_failed,1000.0,4096.0,False,0.09930168688304337,0.9888206313700592,128.0,0.08349609375,422.0,1285.0,,,,,,,,,
20261009_fmcib_global_e4_k128_s2025_topk,fmcib,global,4,128,2025,adjustment,True,topk,qualified_fvu,completed,not_required_representation_failed,1000.0,16384.0,False,0.12088173983695105,0.9869507050550325,127.97203791469195,0.44482421875,422.0,1285.0,,,,,,,,,
20261009_vista_global_e4_k256_s2025_topk_earlyval,vista,global,4,256,2025,adjustment,True,topk,qualified_fvu,completed,not_required_representation_failed,800.0,3072.0,False,0.15792526912382165,0.9772673157874167,256.0,0.0,422.0,1285.0,,,,,,,,,
20261009_vista_global_e4_k384_s2025_topk_earlyval,vista,global,4,384,2025,adjustment,True,topk,qualified_fvu,completed,completed,800.0,3072.0,True,0.12827080925712028,0.981624622486555,384.0,0.0,422.0,1285.0,True,1285.0,0.004497248602272775,0.008077573415848882,0.8847130904352469,0.8853870019813468,0.6251280359086167,0.6266153234872479,"equal patient weight, equal case weight within patient"
20261009_vista_stage4_e4_k384_s2025_qsel,vista,stage4,4,384,2025,adjustment,True,batch_topk,qualified_fvu,completed,completed,12000.0,3072.0,True,0.04292052593796315,0.97948024873996,393.2299647383857,0.0,422.0,33620.0,True,1285.0,0.004095568910067073,0.007198581542497082,0.8847130904352469,0.8829750976804791,0.6251280359086167,0.6193839798810181,"equal patient weight, equal case weight within patient"
20261009_fmcib_layer3_e8_k64_s2025,fmcib,layer3,8,64,2025,comparison,True,batch_topk,fvu,completed,not_required_representation_failed,12000.0,16384.0,False,0.17081234206367013,0.9520980504547036,78.71855252764612,0.00067138671875,422.0,64192.0,,,,,,,,,
20261009_fmcib_layer3_e4_k256_s2025,fmcib,layer3,4,256,2025,comparison,True,batch_topk,fvu,completed,completed,12000.0,8192.0,True,0.1306437652770157,0.9619817160754826,260.2896950286335,0.0003662109375,422.0,64192.0,True,1285.0,0.005851954288356585,0.010193306229225513,0.8820327399374956,0.8840328181877868,0.6009009772138695,0.5909888954080232,"equal patient weight, equal case weight within patient"
20261009_vista_stage2_e4_k128_s2026_qsel,vista,stage2,4,128,2026,replication,True,batch_topk,qualified_fvu,completed,completed,4000.0,768.0,True,0.008537629612837525,0.9903171518955478,127.98278287914694,0.01302083395421505,422.0,108032.0,True,1285.0,0.0013793376038463217,0.0023843960124134934,0.8847130904352469,0.8841320807169184,0.6251280359086167,0.6281298260523541,"equal patient weight, equal case weight within patient"
20261009_vista_stage2_e4_k128_s2027_qsel,vista,stage2,4,128,2027,replication,True,batch_topk,qualified_fvu,completed,completed,4000.0,768.0,True,0.008400183218356864,0.9904813012720631,127.99508478969196,0.0078125,422.0,108032.0,True,1285.0,0.0013400575648193503,0.0023444123681126442,0.8847130904352469,0.8846225190756922,0.6251280359086167,0.627139789334438,"equal patient weight, equal case weight within patient"
20261009_vista_stage3_e4_k256_s2026_qsel,vista,stage3,4,256,2026,replication,True,batch_topk,qualified_fvu,completed,completed,8000.0,1536.0,True,0.010198962775930865,0.9933479006021255,257.40842253872654,0.01171875,422.0,102152.0,True,1285.0,0.0015184243487639238,0.0026840086812568065,0.8847130904352469,0.8852870996907087,0.6251280359086167,0.6306332514064917,"equal patient weight, equal case weight within patient"
20261009_vista_stage3_e4_k256_s2027_qsel,vista,stage3,4,256,2027,replication,True,batch_topk,qualified_fvu,completed,completed,8000.0,1536.0,True,0.010113429255638752,0.9934163250569825,257.2998939957434,0.015625,422.0,102152.0,True,1285.0,0.0015033433483674966,0.002552273670410706,0.8847130904352469,0.8837603910898923,0.6251280359086167,0.6271414128546668,"equal patient weight, equal case weight within patient"
20261009_vista_global_e4_k384_s2026_topk_earlyval,vista,global,4,384,2026,replication,True,topk,qualified_fvu,completed,completed,800.0,3072.0,True,0.12800246083052305,0.9816488660567605,384.0,0.0,422.0,1285.0,True,1285.0,0.004517877259687403,0.00800696277315376,0.8847130904352469,0.8868633526890436,0.6251280359086167,0.6326403279720925,"equal patient weight, equal case weight within patient"
20261009_vista_global_e4_k384_s2027_topk_earlyval,vista,global,4,384,2027,replication,True,topk,qualified_fvu,completed,completed,800.0,3072.0,True,0.12805104323590374,0.9816506561639455,384.0,0.0,422.0,1285.0,True,1285.0,0.00463372818707824,0.008571407375659718,0.8847130904352469,0.885690527655868,0.6251280359086167,0.6342806343350419,"equal patient weight, equal case weight within patient"
20261009_vista_stage4_e4_k384_s2026_qsel,vista,stage4,4,384,2026,replication,True,batch_topk,qualified_fvu,completed,completed,12000.0,3072.0,True,0.04228051140773256,0.9797556404734575,393.3908729777803,0.0,422.0,33620.0,True,1285.0,0.003975286890942491,0.007229981576093051,0.8847130904352469,0.8855795064815934,0.6251280359086167,0.6261008777939431,"equal patient weight, equal case weight within patient"
20261009_vista_stage4_e4_k384_s2027_qsel,vista,stage4,4,384,2027,replication,True,batch_topk,qualified_fvu,completed,completed,12000.0,3072.0,True,0.04143906360322268,0.9802243923792497,393.48740950163307,0.0,422.0,33620.0,True,1285.0,0.004101655714026155,0.007187471486637622,0.8847130904352469,0.8851278519485808,0.6251280359086167,0.6248298116395217,"equal patient weight, equal case weight within patient"
20261009_fmcib_layer4_e8_k64_s2025,fmcib,layer4,8,64,2025,comparison,False,batch_topk,fvu,superseded,pending,,,,,,,,,,,,,,,,,,
20261009_fmcib_layer4_e4_k256_s2025,fmcib,layer4,4,256,2025,comparison,False,batch_topk,fvu,superseded,pending,,,,,,,,,,,,,,,,,,
20261009_fmcib_layer4_e1_k128_s2025_topk,fmcib,layer4,1,128,2025,adjustment,True,topk,qualified_fvu,completed,not_required_representation_failed,3000.0,4096.0,False,0.16602593694752882,0.95173903838086,128.0,0.00146484375,422.0,10280.0,,,,,,,,,
20261009_fmcib_layer4_e4_k128_s2025_topk,fmcib,layer4,4,128,2025,adjustment,True,topk,qualified_fvu,completed,not_required_representation_failed,1000.0,16384.0,False,0.1601486450427184,0.953945383058405,128.0,0.01470947265625,422.0,10280.0,,,,,,,,,
20261009_fmcib_global_e1_k256_s2025_topk_earlyval,fmcib,global,1,256,2025,adjustment,True,topk,qualified_fvu,completed,completed,1000.0,4096.0,True,0.0932212542309402,0.9894132478544252,256.0,0.008544921875,422.0,1285.0,True,1285.0,0.0047545908636698365,0.009282057962562448,0.8820327399374956,0.882592577397763,0.6009009772138695,0.595516779033723,"equal patient weight, equal case weight within patient"
20261009_fmcib_layer2_e4_k256_s2026,fmcib,layer2,4,256,2026,replication,True,batch_topk,fvu,completed,completed,12000.0,4096.0,True,0.09981506221545648,0.9642917755163627,249.69880220675356,0.000732421875,422.0,108032.0,True,1285.0,0.00443156960637286,0.007615832499401876,0.8820327399374956,0.8828085515490065,0.6009009772138695,0.5968664115919463,"equal patient weight, equal case weight within patient"
20261009_fmcib_layer2_e4_k256_s2027,fmcib,layer2,4,256,2027,replication,True,batch_topk,fvu,completed,completed,12000.0,4096.0,True,0.10034549089150815,0.9643502298387219,249.7776862411137,0.000732421875,422.0,108032.0,True,1285.0,0.004113372246681892,0.006742992212691921,0.8820327399374956,0.8825208288628844,0.6009009772138695,0.6006774228486572,"equal patient weight, equal case weight within patient"
20261009_vista_global_e1_k384_s2025_topk_earlyval,vista,global,1,384,2025,adjustment,True,topk,qualified_fvu,completed,completed,2700.0,768.0,True,0.08545941082538616,0.9877879423066831,384.0,0.0,422.0,1285.0,True,1285.0,0.00429887179130952,0.007773161553626694,0.8847130904352469,0.8853960010781443,0.6251280359086167,0.6207670977909433,"equal patient weight, equal case weight within patient"
20261009_vista_global_e1_k384_s2026_topk_earlyval,vista,global,1,384,2026,replication,True,topk,qualified_fvu,completed,completed,2800.0,768.0,True,0.08642100923864936,0.9876422791880959,384.0,0.0,422.0,1285.0,True,1285.0,0.004464485640441991,0.008243929558783135,0.8847130904352469,0.8858676797337505,0.6251280359086167,0.6342601049547851,"equal patient weight, equal case weight within patient"
20261009_vista_global_e1_k384_s2027_topk_earlyval,vista,global,1,384,2027,replication,True,topk,qualified_fvu,completed,completed,2700.0,768.0,True,0.08606251508198509,0.9876930784803043,384.0,0.0,422.0,1285.0,True,1285.0,0.0044084882422220735,0.00809075229481825,0.8847130904352469,0.886720647318665,0.6251280359086167,0.6297000972203757,"equal patient weight, equal case weight within patient"
20261009_fmcib_global_e1_k256_s2026_topk_earlyval,fmcib,global,1,256,2026,replication,True,topk,qualified_fvu,completed,completed,1100.0,4096.0,True,0.09363481039875658,0.989385915063803,256.0,0.008056640625,422.0,1285.0,True,1285.0,0.005157911504199323,0.010764353998209563,0.8820327399374956,0.8846575954953285,0.6009009772138695,0.5975480915189959,"equal patient weight, equal case weight within patient"
20261009_fmcib_global_e1_k256_s2027_topk_earlyval,fmcib,global,1,256,2027,replication,True,topk,qualified_fvu,completed,completed,900.0,4096.0,True,0.09387940973584022,0.9893735399383765,256.0,0.0068359375,422.0,1285.0,True,1285.0,0.004949118591608783,0.010191168189645357,0.8820327399374956,0.8860596321344332,0.6009009772138695,0.6017189657373019,"equal patient weight, equal case weight within patient"
20261009_fmcib_layer3_e4_k256_s2026,fmcib,layer3,4,256,2026,replication,True,batch_topk,fvu,completed,completed,12000.0,8192.0,True,0.13055395851980317,0.9619658909028904,260.57609473736187,0.0003662109375,422.0,64192.0,True,1285.0,0.005765396266501696,0.01001750773260115,0.8820327399374956,0.8844285298073739,0.6009009772138695,0.5986684257337939,"equal patient weight, equal case weight within patient"
20261009_fmcib_layer3_e4_k256_s2027,fmcib,layer3,4,256,2027,replication,True,batch_topk,fvu,completed,completed,12000.0,8192.0,True,0.1306618635084172,0.9619507482817903,260.36071719490525,0.000732421875,422.0,64192.0,True,1285.0,0.0062845224205706,0.011419720259015975,0.8820327399374956,0.8830849596984381,0.6009009772138695,0.5943556565491326,"equal patient weight, equal case weight within patient"
