group,role,pair,q10,median,q90,source_eligible_features,source_features,target_eligible_features,reciprocal_fraction,reciprocal_and_correlation_ge_0_8
FMCIB layer1,local_spatial,s2025_s2026,0.23009961247444155,0.4865122586488724,0.7939150393009186,2008,2048,2006,0.26145418326693226,0.0697211155378486
FMCIB layer1,local_spatial,s2025_s2027,0.22989645749330523,0.48768649995326996,0.8021396696567534,2008,2048,1998,0.2649402390438247,0.07121513944223108
FMCIB layer1,local_spatial,s2026_s2027,0.23178763687610626,0.4917062222957611,0.7915982604026794,2006,2048,1998,0.26570289132602193,0.06530408773678963
FMCIB layer2,regional_spatial,s2025_s2026,0.1486395478248596,0.40442466735839844,0.7394728899002075,4025,4096,4012,0.20074534161490684,0.04720496894409938
FMCIB layer2,regional_spatial,s2025_s2027,0.1487378716468811,0.40195515751838684,0.7333640336990356,4025,4096,4012,0.19900621118012424,0.047453416149068325
FMCIB layer2,regional_spatial,s2026_s2027,0.14999265670776368,0.40828609466552734,0.7361246466636657,4012,4096,4012,0.19765702891326023,0.04685942173479561
FMCIB global,global,s2025_s2026,0.36224666237831116,0.5615788102149963,0.7816827893257141,4061,4096,4063,0.19182467372568332,0.04457030288106378
FMCIB global,global,s2025_s2027,0.3567236661911011,0.5599792003631592,0.7817916870117188,4061,4096,4068,0.188869736518099,0.046294016252154645
FMCIB global,global,s2026_s2027,0.3746104836463928,0.5651015043258667,0.782649838924408,4063,4096,4068,0.19173024858478957,0.04110263352202806
VISTA stage2,local_spatial,s2025_s2026,0.19277986884117126,0.28629398345947266,0.7126919984817506,517,768,541,0.1702127659574468,0.027079303675048357
VISTA stage2,local_spatial,s2025_s2027,0.09028009772300724,0.2726792097091675,0.7075287461280824,517,768,517,0.16634429400386846,0.013539651837524178
VISTA stage2,local_spatial,s2026_s2027,0.19630251824855804,0.293568879365921,0.9924901723861694,541,768,517,0.17929759704251386,0.025878003696857672
VISTA stage3,regional_spatial,s2025_s2026,0.0478733666241169,0.18108098208904266,0.5583842098712921,1186,1536,1062,0.15177065767284992,0.010961214165261383
VISTA stage3,regional_spatial,s2025_s2027,0.052970828488469124,0.18459492921829224,0.6562413573265076,1186,1536,1111,0.14502529510961215,0.00927487352445194
VISTA stage3,regional_spatial,s2026_s2027,0.0596314512193203,0.18285246938467026,0.4834161251783371,1062,1536,1111,0.16290018832391714,0.015065913370998116
VISTA global,global,s2025_s2026,0.22153703421354293,0.28743143379688263,0.3857577323913574,768,768,768,0.15494791666666666,0.0
VISTA global,global,s2025_s2027,0.2215446338057518,0.2834339886903763,0.386323007941246,768,768,768,0.1875,0.0
VISTA global,global,s2026_s2027,0.21694017946720123,0.28015419840812683,0.3846903562545777,768,768,768,0.17578125,0.0
