run_id,model,site,expansion,k,seed,phase,enabled,algorithm,checkpoint_policy,state,classifier_state,best_step,features,representation_pass,fvu,cosine,l0_mean,inactive_fraction,patients,tokens,classifier_pass,cases,probability_mae,probability_rmse,original_auroc,recovered_auroc,original_ap,recovered_ap,weighting,role,group
20261009_fmcib_layer1_e4_k128_s2025,fmcib,layer1,4,128,2025,initial,True,batch_topk,fvu,completed,completed,12000.0,2048.0,True,0.07416033647378568,0.9738764596873483,124.7584141735782,0.0,422.0,108032.0,True,1285.0,0.009425922923835478,0.015757044851864122,0.8820327399374956,0.8829802658376105,0.6009009772138695,0.6044621128997937,"equal patient weight, equal case weight within patient",local_spatial,FMCIB layer1
20261009_fmcib_layer1_e4_k128_s2026,fmcib,layer1,4,128,2026,replication,True,batch_topk,fvu,completed,completed,12000.0,2048.0,True,0.07457660369774816,0.9738213553830489,124.75196238151658,0.0,422.0,108032.0,True,1285.0,0.008589364730164945,0.014461063026502076,0.8820327399374956,0.8836660639195549,0.6009009772138695,0.6055617185762299,"equal patient weight, equal case weight within patient",local_spatial,FMCIB layer1
20261009_fmcib_layer1_e4_k128_s2027,fmcib,layer1,4,128,2027,replication,True,batch_topk,fvu,completed,completed,12000.0,2048.0,True,0.07384352926697085,0.9739708803137281,124.76417172689575,0.0,422.0,108032.0,True,1285.0,0.0078077482439846205,0.012860362794435613,0.8820327399374956,0.882436773562985,0.6009009772138695,0.6021478060835841,"equal patient weight, equal case weight within patient",local_spatial,FMCIB layer1
20261009_fmcib_layer2_e4_k256_s2025,fmcib,layer2,4,256,2025,comparison,True,batch_topk,fvu,completed,completed,12000.0,4096.0,True,0.09991626470627787,0.9644286647075966,249.70770697571095,0.0,422.0,108032.0,True,1285.0,0.00422424495632987,0.007511806249175326,0.8820327399374956,0.8827860125540955,0.6009009772138695,0.5968878344515781,"equal patient weight, equal case weight within patient",regional_spatial,FMCIB layer2
20261009_fmcib_layer2_e4_k256_s2026,fmcib,layer2,4,256,2026,replication,True,batch_topk,fvu,completed,completed,12000.0,4096.0,True,0.09981506221545648,0.9642917755163627,249.69880220675356,0.000732421875,422.0,108032.0,True,1285.0,0.00443156960637286,0.007615832499401876,0.8820327399374956,0.8828085515490065,0.6009009772138695,0.5968664115919463,"equal patient weight, equal case weight within patient",regional_spatial,FMCIB layer2
20261009_fmcib_layer2_e4_k256_s2027,fmcib,layer2,4,256,2027,replication,True,batch_topk,fvu,completed,completed,12000.0,4096.0,True,0.10034549089150815,0.9643502298387219,249.7776862411137,0.000732421875,422.0,108032.0,True,1285.0,0.004113372246681892,0.006742992212691921,0.8820327399374956,0.8825208288628844,0.6009009772138695,0.6006774228486572,"equal patient weight, equal case weight within patient",regional_spatial,FMCIB layer2
20261009_fmcib_global_e1_k256_s2025_topk_earlyval,fmcib,global,1,256,2025,adjustment,True,topk,qualified_fvu,completed,completed,1000.0,4096.0,True,0.0932212542309402,0.9894132478544252,256.0,0.008544921875,422.0,1285.0,True,1285.0,0.0047545908636698365,0.009282057962562448,0.8820327399374956,0.882592577397763,0.6009009772138695,0.595516779033723,"equal patient weight, equal case weight within patient",global,FMCIB global
20261009_fmcib_global_e1_k256_s2026_topk_earlyval,fmcib,global,1,256,2026,replication,True,topk,qualified_fvu,completed,completed,1100.0,4096.0,True,0.09363481039875658,0.989385915063803,256.0,0.008056640625,422.0,1285.0,True,1285.0,0.005157911504199323,0.010764353998209563,0.8820327399374956,0.8846575954953285,0.6009009772138695,0.5975480915189959,"equal patient weight, equal case weight within patient",global,FMCIB global
20261009_fmcib_global_e1_k256_s2027_topk_earlyval,fmcib,global,1,256,2027,replication,True,topk,qualified_fvu,completed,completed,900.0,4096.0,True,0.09387940973584022,0.9893735399383765,256.0,0.0068359375,422.0,1285.0,True,1285.0,0.004949118591608783,0.010191168189645357,0.8820327399374956,0.8860596321344332,0.6009009772138695,0.6017189657373019,"equal patient weight, equal case weight within patient",global,FMCIB global
20261009_vista_stage2_e4_k128_s2025_qsel,vista,stage2,4,128,2025,adjustment,True,batch_topk,qualified_fvu,completed,completed,4000.0,768.0,True,0.008847581793580276,0.9899856843847687,127.92140291765405,0.014322916977107525,422.0,108032.0,True,1285.0,0.0013709097671827835,0.002438335488913452,0.8847130904352469,0.8852124260330786,0.6251280359086167,0.6268668134511001,"equal patient weight, equal case weight within patient",local_spatial,VISTA stage2
20261009_vista_stage2_e4_k128_s2026_qsel,vista,stage2,4,128,2026,replication,True,batch_topk,qualified_fvu,completed,completed,4000.0,768.0,True,0.008537629612837525,0.9903171518955478,127.98278287914694,0.01302083395421505,422.0,108032.0,True,1285.0,0.0013793376038463217,0.0023843960124134934,0.8847130904352469,0.8841320807169184,0.6251280359086167,0.6281298260523541,"equal patient weight, equal case weight within patient",local_spatial,VISTA stage2
20261009_vista_stage2_e4_k128_s2027_qsel,vista,stage2,4,128,2027,replication,True,batch_topk,qualified_fvu,completed,completed,4000.0,768.0,True,0.008400183218356864,0.9904813012720631,127.99508478969196,0.0078125,422.0,108032.0,True,1285.0,0.0013400575648193503,0.0023444123681126442,0.8847130904352469,0.8846225190756922,0.6251280359086167,0.627139789334438,"equal patient weight, equal case weight within patient",local_spatial,VISTA stage2
20261009_vista_stage3_e4_k256_s2025_qsel,vista,stage3,4,256,2025,adjustment,True,batch_topk,qualified_fvu,completed,completed,8000.0,1536.0,True,0.010132638798844679,0.9933977349299109,257.4132167286511,0.01171875,422.0,102152.0,True,1285.0,0.001722310353954118,0.0029440127484011863,0.8847130904352469,0.8839709626229294,0.6251280359086167,0.6272186899256303,"equal patient weight, equal case weight within patient",regional_spatial,VISTA stage3
20261009_vista_stage3_e4_k256_s2026_qsel,vista,stage3,4,256,2026,replication,True,batch_topk,qualified_fvu,completed,completed,8000.0,1536.0,True,0.010198962775930865,0.9933479006021255,257.40842253872654,0.01171875,422.0,102152.0,True,1285.0,0.0015184243487639238,0.0026840086812568065,0.8847130904352469,0.8852870996907087,0.6251280359086167,0.6306332514064917,"equal patient weight, equal case weight within patient",regional_spatial,VISTA stage3
20261009_vista_stage3_e4_k256_s2027_qsel,vista,stage3,4,256,2027,replication,True,batch_topk,qualified_fvu,completed,completed,8000.0,1536.0,True,0.010113429255638752,0.9934163250569825,257.2998939957434,0.015625,422.0,102152.0,True,1285.0,0.0015033433483674966,0.002552273670410706,0.8847130904352469,0.8837603910898923,0.6251280359086167,0.6271414128546668,"equal patient weight, equal case weight within patient",regional_spatial,VISTA stage3
20261009_vista_global_e1_k384_s2025_topk_earlyval,vista,global,1,384,2025,adjustment,True,topk,qualified_fvu,completed,completed,2700.0,768.0,True,0.08545941082538616,0.9877879423066831,384.0,0.0,422.0,1285.0,True,1285.0,0.00429887179130952,0.007773161553626694,0.8847130904352469,0.8853960010781443,0.6251280359086167,0.6207670977909433,"equal patient weight, equal case weight within patient",global,VISTA global
20261009_vista_global_e1_k384_s2026_topk_earlyval,vista,global,1,384,2026,replication,True,topk,qualified_fvu,completed,completed,2800.0,768.0,True,0.08642100923864936,0.9876422791880959,384.0,0.0,422.0,1285.0,True,1285.0,0.004464485640441991,0.008243929558783135,0.8847130904352469,0.8858676797337505,0.6251280359086167,0.6342601049547851,"equal patient weight, equal case weight within patient",global,VISTA global
20261009_vista_global_e1_k384_s2027_topk_earlyval,vista,global,1,384,2027,replication,True,topk,qualified_fvu,completed,completed,2700.0,768.0,True,0.08606251508198509,0.9876930784803043,384.0,0.0,422.0,1285.0,True,1285.0,0.0044084882422220735,0.00809075229481825,0.8847130904352469,0.886720647318665,0.6251280359086167,0.6297000972203757,"equal patient weight, equal case weight within patient",global,VISTA global
